{"cameraMode":{"drawMode":0,"name":"Shaded","section":"Shading Mode"},"sceneLighting":false,"audioPlay":false,"sceneViewState":{"showFog":true,"showMaterialUpdate":false,"showSkybox":false,"showFlares":true,"showImageEffects":true,"showParticleSystems":true},"in2DMode":false,"pivot":{"x":-0.04640829563140869,"y":25.624786376953126,"z":1.1668403148651124},"rotation":{"x":0.005669168662279844,"y":0.0889788419008255,"z":0.0005038117524236441,"w":-0.9960207939147949},"size":9.180338859558106,"orthographic":false}