{"cameraMode":{"drawMode":0,"name":"Shaded","section":"Shading Mode"},"sceneLighting":false,"audioPlay":false,"sceneViewState":{"showFog":true,"showMaterialUpdate":false,"showSkybox":false,"showFlares":true,"showImageEffects":true,"showParticleSystems":true},"in2DMode":false,"pivot":{"x":5.732151031494141,"y":39.10009002685547,"z":-4.984102249145508},"rotation":{"x":-0.041487716138362887,"y":-0.19447986781597138,"z":0.008230026811361313,"w":-0.9800009727478027},"size":90.0379409790039,"orthographic":false}