{"cameraMode":{"drawMode":0,"name":"Shaded","section":"Shading Mode"},"sceneLighting":false,"audioPlay":false,"sceneViewState":{"showFog":true,"showMaterialUpdate":false,"showSkybox":false,"showFlares":true,"showImageEffects":true,"showParticleSystems":true},"in2DMode":false,"pivot":{"x":-3.799999237060547,"y":53.599998474121097,"z":21.799999237060548},"rotation":{"x":-0.041487716138362887,"y":-0.19447986781597138,"z":0.008230026811361313,"w":-0.9800009727478027},"size":142.81719970703126,"orthographic":false}